DIP-29700N|refseq:NP_974612|uniprotkb:Q6TLJ2,DIP-29701N|refseq:NP_196345|uniprotkb:Q9LYN8,taxid:3702(Arabidopsis thaliana),taxid:3702(Arabidopsis thaliana),MI:0407(direct interaction)|MI:0915(physical association)|MI:0915(physical association)|MI:0407(direct interaction),DIP-59178E,dip-quality-status:core,dip:0002(small scale)|dip:0002(small scale)|dip:0002(small scale)|dip:0002(small scale),,
DIP-29773N|refseq:NP_196119|uniprotkb:Q38906,DIP-29773N|refseq:NP_196119|uniprotkb:Q38906,taxid:3702(Arabidopsis thaliana),taxid:3702(Arabidopsis thaliana),MI:0407(direct interaction)|MI:0407(direct interaction),DIP-59260E,dip-quality-status:core,dip:0002(small scale)|dip:0002(small scale),,
DIP-29825N|uniprotkb:Q5S2C4,DIP-29817N|uniprotkb:Q8SAB7,taxid:3702(Arabidopsis thaliana),taxid:3702(Arabidopsis thaliana),MI:0915(physical association),DIP-59307E,dip-quality-status:core,dip:0002(small scale),,"['Cytoplasm', 'Nucleus', 'Endoplasmic reticulum']"
DIP-31742N|refseq:NP_179469|uniprotkb:P14713,DIP-33892N|uniprotkb:O80536,taxid:3702(Arabidopsis thaliana),taxid:3702(Arabidopsis thaliana),MI:0407(direct interaction)|MI:0407(direct interaction)|MI:0407(direct interaction),DIP-63242E,dip-quality-status:core,dip:0004(small scale)|dip:0004(small scale)|dip:0004(small scale),"['Cytoplasm', 'Nucleus']",['Nucleus']
DIP-31329N|refseq:NP_565597|uniprotkb:Q9SKK0,DIP-34865N|refseq:NP_188713|uniprotkb:O24606,taxid:3702(Arabidopsis thaliana),taxid:3702(Arabidopsis thaliana),MI:0915(physical association),DIP-63521E,dip-quality-status:core,dip:0004(small scale),['Nucleus'],['Nucleus']
DIP-36762N|refseq:NP_180233|uniprotkb:Q38998,DIP-36761N|uniprotkb:Q93VD3,taxid:3702(Arabidopsis thaliana),taxid:3702(Arabidopsis thaliana),MI:0915(physical association)|MI:0407(direct interaction)|MI:0407(direct interaction)|MI:0217(phosphorylation reaction),DIP-65282E,dip-quality-status:core,dip:0004(small scale)|dip:0004(small scale)|dip:0004(small scale)|dip:0004(small scale),,
DIP-36761N|uniprotkb:Q93VD3,DIP-33307N|uniprotkb:Q8LEM7,taxid:3702(Arabidopsis thaliana),taxid:3702(Arabidopsis thaliana),MI:0407(direct interaction),DIP-65285E,dip-quality-status:core,dip:0004(small scale),,['Vacuole']
DIP-37662N|refseq:NP_191860|uniprotkb:Q9LYC1,DIP-32983N|refseq:NP_178266|uniprotkb:Q9SLH3,taxid:3702(Arabidopsis thaliana),taxid:3702(Arabidopsis thaliana),MI:0915(physical association)|MI:0915(physical association),DIP-65624E,dip-quality-status:core,dip:0004(small scale)|dip:0004(small scale),['Nucleus'],['Nucleus']
DIP-37639N|refseq:NP_566101|uniprotkb:O22265,DIP-752N|refseq:NP_196014|uniprotkb:P37107,taxid:3702(Arabidopsis thaliana),taxid:3702(Arabidopsis thaliana),MI:0407(direct interaction)|MI:0407(direct interaction)|MI:0407(direct interaction)|MI:0407(direct interaction)|MI:0407(direct interaction),DIP-65602E,dip-quality-status:core,dip:0004(small scale)|dip:0004(small scale)|dip:0004(small scale)|dip:0004(small scale)|dip:0004(small scale),,
DIP-38469N|refseq:NP_191957|uniprotkb:Q8W2F1,DIP-38476N|refseq:NP_189430|uniprotkb:P27900,taxid:3702(Arabidopsis thaliana),taxid:3702(Arabidopsis thaliana),MI:0915(physical association),DIP-66423E,dip-quality-status:core,dip:0004(small scale),['Nucleus'],['Nucleus']
DIP-31718N|refseq:NP_564180|uniprotkb:Q9SQI2,DIP-31333N|refseq:NP_564919|uniprotkb:Q9C9W9,taxid:3702(Arabidopsis thaliana),taxid:3702(Arabidopsis thaliana),MI:0407(direct interaction)|MI:0915(physical association)|MI:0915(physical association)|MI:0915(physical association),DIP-66702E,dip-quality-status:core,dip:0004(small scale)|dip:0004(small scale)|dip:0004(small scale)|dip:0004(small scale),"['Cytoplasm', 'Nucleus']","['Cytoplasm', 'Nucleus']"
DIP-34783N|refseq:NP_565292|uniprotkb:Q9SWI1,DIP-38655N|uniprotkb:O48963,taxid:3702(Arabidopsis thaliana),taxid:3702(Arabidopsis thaliana),MI:0407(direct interaction)|MI:0915(physical association)|MI:0915(physical association),DIP-66690E,dip-quality-status:core,dip:0004(small scale)|dip:0004(small scale)|dip:0004(small scale),,['Cytoplasm']
DIP-39596N|refseq:NP_568138|uniprotkb:Q9XF67,DIP-39595N|refseq:NP_181012|uniprotkb:O64682,taxid:3702(Arabidopsis thaliana),taxid:3702(Arabidopsis thaliana),MI:0915(physical association)|MI:0217(phosphorylation reaction),DIP-67659E,dip-quality-status:core,dip:0004(small scale)|dip:0004(small scale),['Cytoplasm'],['Cytoplasm']
DIP-34948N|uniprotkb:P93022,DIP-34946N|refseq:NP_188173|uniprotkb:O24409,taxid:3702(Arabidopsis thaliana),taxid:3702(Arabidopsis thaliana),MI:0915(physical association)|MI:0915(physical association),DIP-67920E,dip-quality-status:core,dip:0004(small scale)|dip:0004(small scale),['Nucleus'],['Nucleus']
DIP-39595N|refseq:NP_181012|uniprotkb:O64682,DIP-40041N|refseq:NP_177500|uniprotkb:Q9C6B8,taxid:3702(Arabidopsis thaliana),taxid:3702(Arabidopsis thaliana),MI:0407(direct interaction),DIP-68130E,dip-quality-status:core,dip:0004(small scale),['Cytoplasm'],
DIP-36762N|refseq:NP_180233|uniprotkb:Q38998,DIP-40200N|refseq:NP_172223|uniprotkb:Q9LNW3,taxid:3702(Arabidopsis thaliana),taxid:3702(Arabidopsis thaliana),MI:0407(direct interaction),DIP-68295E,dip-quality-status:core,dip:0004(small scale),,
DIP-36761N|uniprotkb:Q93VD3,DIP-40200N|refseq:NP_172223|uniprotkb:Q9LNW3,taxid:3702(Arabidopsis thaliana),taxid:3702(Arabidopsis thaliana),MI:0407(direct interaction),DIP-68296E,dip-quality-status:core,dip:0004(small scale),,
DIP-33345N|refseq:NP_188945|uniprotkb:Q38825,DIP-31740N|refseq:NP_567135|uniprotkb:Q570C0,taxid:3702(Arabidopsis thaliana),taxid:3702(Arabidopsis thaliana),MI:0407(direct interaction)|MI:0407(direct interaction),DIP-68471E,dip-quality-status:core,dip:0004(small scale)|dip:0004(small scale),['Nucleus'],['Nucleus']
DIP-40169N|refseq:NP_195902|uniprotkb:Q9LZ03,DIP-40169N|refseq:NP_195902|uniprotkb:Q9LZ03,taxid:3702(Arabidopsis thaliana),taxid:3702(Arabidopsis thaliana),MI:0915(physical association),DIP-68232E,dip-quality-status:core,dip:0004(small scale),['Nucleus'],['Nucleus']
DIP-40169N|refseq:NP_195902|uniprotkb:Q9LZ03,DIP-40170N|refseq:NP_188714|uniprotkb:Q9C5V6,taxid:3702(Arabidopsis thaliana),taxid:3702(Arabidopsis thaliana),MI:0915(physical association)|MI:0915(physical association)|MI:0915(physical association)|MI:0915(physical association),DIP-68234E,dip-quality-status:core,dip:0004(small scale)|dip:0004(small scale)|dip:0004(small scale)|dip:0004(small scale),['Nucleus'],['Nucleus']
DIP-40385N|refseq:NP_197776|uniprotkb:Q9LKF9,DIP-40386N|uniprotkb:Q9FGR0,taxid:3702(Arabidopsis thaliana),taxid:3702(Arabidopsis thaliana),MI:0915(physical association),DIP-68518E,dip-quality-status:core,dip:0004(small scale),"['Cytoplasm', 'Nucleus']",['Nucleus']
DIP-40388N|uniprotkb:Q8VY18,DIP-40385N|refseq:NP_197776|uniprotkb:Q9LKF9,taxid:3702(Arabidopsis thaliana),taxid:3702(Arabidopsis thaliana),MI:0915(physical association),DIP-68521E,dip-quality-status:core,dip:0004(small scale),,"['Cytoplasm', 'Nucleus']"
DIP-40405N|refseq:NP_196852|uniprotkb:Q6NLV4,DIP-40385N|refseq:NP_197776|uniprotkb:Q9LKF9,taxid:3702(Arabidopsis thaliana),taxid:3702(Arabidopsis thaliana),MI:0915(physical association),DIP-68549E,dip-quality-status:core,dip:0004(small scale),['Nucleus'],"['Cytoplasm', 'Nucleus']"
DIP-40532N|refseq:NP_566590|uniprotkb:Q9LVI4,DIP-31324N|refseq:NP_565919|uniprotkb:O04197,taxid:3702(Arabidopsis thaliana),taxid:3702(Arabidopsis thaliana),MI:0407(direct interaction)|MI:0407(direct interaction),DIP-68677E,dip-quality-status:core,dip:0004(small scale)|dip:0004(small scale),['Nucleus'],
DIP-40532N|refseq:NP_566590|uniprotkb:Q9LVI4,DIP-40533N|refseq:NP_174541|uniprotkb:Q39204,taxid:3702(Arabidopsis thaliana),taxid:3702(Arabidopsis thaliana),MI:0915(physical association)|MI:0407(direct interaction)|MI:0407(direct interaction)|MI:0407(direct interaction),DIP-68676E,dip-quality-status:core,dip:0004(small scale)|dip:0004(small scale)|dip:0004(small scale)|dip:0004(small scale),['Nucleus'],['Nucleus']
DIP-40499N|uniprotkb:Q39218,DIP-40500N|refseq:NP_191535|uniprotkb:Q43725,taxid:3702(Arabidopsis thaliana),taxid:3702(Arabidopsis thaliana),MI:0407(direct interaction)|MI:0407(direct interaction),DIP-68665E,dip-quality-status:core,dip:0004(small scale)|dip:0004(small scale),['Mitochondrion'],['Mitochondrion']
DIP-41228N|uniprotkb:Q9SE33,DIP-41227N|refseq:NP_192865|uniprotkb:Q9SUT5,taxid:3702(Arabidopsis thaliana),taxid:3702(Arabidopsis thaliana),MI:0915(physical association),DIP-69953E,dip-quality-status:core,dip:0004(small scale),,"['Cytoplasm', 'Nucleus']"
DIP-32850N|refseq:NP_180854|uniprotkb:P43254,DIP-33589N|uniprotkb:Q96524,taxid:3702(Arabidopsis thaliana),taxid:3702(Arabidopsis thaliana),MI:0407(direct interaction),DIP-70103E,dip-quality-status:core,dip:0004(small scale),"['Cytoplasm', 'Nucleus']","['Cytoplasm', 'Nucleus']"
DIP-39129N|refseq:NP_564075|uniprotkb:Q9LMA8,DIP-31324N|refseq:NP_565919|uniprotkb:O04197,taxid:3702(Arabidopsis thaliana),taxid:3702(Arabidopsis thaliana),MI:0407(direct interaction)|MI:0915(physical association)|MI:0407(direct interaction)|MI:0407(direct interaction)|MI:0915(physical association),DIP-80588E,dip-quality-status:core,dip:0004(small scale)|dip:0004(small scale)|dip:0004(small scale)|dip:0004(small scale)|dip:0004(small scale),['Nucleus'],
DIP-45976N|refseq:NP_195760|uniprotkb:Q9M033,DIP-40385N|refseq:NP_197776|uniprotkb:Q9LKF9,taxid:3702(Arabidopsis thaliana),taxid:3702(Arabidopsis thaliana),MI:0915(physical association),DIP-87726E,dip-quality-status:core,dip:0004(small scale),,"['Cytoplasm', 'Nucleus']"
DIP-33046N|refseq:NP_566417|uniprotkb:Q9LKZ3,DIP-33481N|refseq:NP_200631|uniprotkb:O22467,taxid:3702(Arabidopsis thaliana),taxid:3702(Arabidopsis thaliana),MI:0407(direct interaction)|MI:0407(direct interaction),DIP-87793E,dip-quality-status:core,dip:0004(small scale)|dip:0004(small scale),['Nucleus'],['Nucleus']
DIP-31793N|refseq:NP_180198|uniprotkb:P18064,DIP-40108N|refseq:NP_195172|uniprotkb:P49177,taxid:3702(Arabidopsis thaliana),taxid:3702(Arabidopsis thaliana),MI:0915(physical association),DIP-87920E,dip-quality-status:core,dip:0004(small scale),,"['Cytoplasm', 'Nucleus']"
DIP-33454N|refseq:NP_171612|uniprotkb:Q9SP32,DIP-46412N|refseq:NP_188691|uniprotkb:Q8W4D8,taxid:3702(Arabidopsis thaliana),taxid:3702(Arabidopsis thaliana),MI:0915(physical association)|MI:0407(direct interaction),DIP-88406E,dip-quality-status:core,dip:0004(small scale)|dip:0004(small scale),['Nucleus'],['Nucleus']
DIP-46422N|refseq:NP_188362|uniprotkb:Q27IK7,DIP-46423N|refseq:NP_191872|uniprotkb:Q9LE82,taxid:3702(Arabidopsis thaliana),taxid:3702(Arabidopsis thaliana),MI:0915(physical association)|MI:0407(direct interaction),DIP-88424E,dip-quality-status:core,dip:0004(small scale)|dip:0004(small scale),['Cytoplasm'],"['Cytoplasm', 'Nucleus']"
DIP-46422N|refseq:NP_188362|uniprotkb:Q27IK7,DIP-46424N|refseq:NP_187184|uniprotkb:Q84M91,taxid:3702(Arabidopsis thaliana),taxid:3702(Arabidopsis thaliana),MI:0407(direct interaction),DIP-88425E,dip-quality-status:core,dip:0004(small scale),['Cytoplasm'],"['Cytoplasm', 'Nucleus']"
DIP-46425N|uniprotkb:Q8GXA4,DIP-46423N|refseq:NP_191872|uniprotkb:Q9LE82,taxid:3702(Arabidopsis thaliana),taxid:3702(Arabidopsis thaliana),MI:0407(direct interaction),DIP-88426E,dip-quality-status:core,dip:0004(small scale),"['Cytoplasm', 'Nucleus']","['Cytoplasm', 'Nucleus']"
DIP-46526N|uniprotkb:Q6EVK6,DIP-37816N|refseq:NP_173589|uniprotkb:Q9XI07,taxid:3702(Arabidopsis thaliana),taxid:3702(Arabidopsis thaliana),MI:0915(physical association),DIP-88646E,dip-quality-status:core,dip:0004(small scale),['Nucleus'],['Nucleus']
DIP-37639N|refseq:NP_566101|uniprotkb:O22265,DIP-37639N|refseq:NP_566101|uniprotkb:O22265,taxid:3702(Arabidopsis thaliana),taxid:3702(Arabidopsis thaliana),MI:0407(direct interaction),DIP-89273E,dip-quality-status:core,dip:0004(small scale),,
DIP-31740N|refseq:NP_567135|uniprotkb:Q570C0,DIP-31342N|refseq:NP_172563|uniprotkb:P43291,taxid:3702(Arabidopsis thaliana),taxid:3702(Arabidopsis thaliana),MI:0915(physical association),DIP-89612E,dip-quality-status:core,dip:0004(small scale),['Nucleus'],
DIP-46993N|refseq:NP_567005|uniprotkb:Q8W104,DIP-31342N|refseq:NP_172563|uniprotkb:P43291,taxid:3702(Arabidopsis thaliana),taxid:3702(Arabidopsis thaliana),MI:0915(physical association)|MI:0915(physical association),DIP-89613E,dip-quality-status:core,dip:0004(small scale)|dip:0004(small scale),['Nucleus'],
DIP-45997N|refseq:NP_195650|uniprotkb:O22476,DIP-45997N|refseq:NP_195650|uniprotkb:O22476,taxid:3702(Arabidopsis thaliana),taxid:3702(Arabidopsis thaliana),MI:0217(phosphorylation reaction),DIP-89632E,dip-quality-status:core,dip:0004(small scale),,
DIP-47087N|uniprotkb:P27323,DIP-41228N|uniprotkb:Q9SE33,taxid:3702(Arabidopsis thaliana),taxid:3702(Arabidopsis thaliana),MI:0915(physical association),DIP-89792E,dip-quality-status:core,dip:0004(small scale),['Cytoplasm'],
DIP-47338N|uniprotkb:Q8S944,DIP-47338N|uniprotkb:Q8S944,taxid:3702(Arabidopsis thaliana),taxid:3702(Arabidopsis thaliana),MI:0407(direct interaction),DIP-89841E,dip-quality-status:core,dip:0004(small scale),"['Mitochondrion', 'Peroxisome']","['Mitochondrion', 'Peroxisome']"
DIP-46993N|refseq:NP_567005|uniprotkb:Q8W104,DIP-38668N|refseq:NP_188546|uniprotkb:Q0WNX9,taxid:3702(Arabidopsis thaliana),taxid:3702(Arabidopsis thaliana),MI:0915(physical association)|MI:0915(physical association)|MI:0915(physical association),DIP-89609E,dip-quality-status:core,dip:0004(small scale)|dip:0004(small scale)|dip:0004(small scale),['Nucleus'],['Nucleus']
DIP-38682N|uniprotkb:Q8GYJ3,DIP-46993N|refseq:NP_567005|uniprotkb:Q8W104,taxid:3702(Arabidopsis thaliana),taxid:3702(Arabidopsis thaliana),MI:0915(physical association),DIP-89611E,dip-quality-status:core,dip:0004(small scale),['Nucleus'],['Nucleus']
DIP-48342N|uniprotkb:Q38834,DIP-48341N|refseq:NP_850874|uniprotkb:O82462,taxid:3702(Arabidopsis thaliana),taxid:3702(Arabidopsis thaliana),MI:0407(direct interaction),DIP-102581E,dip-quality-status:core,dip:0004(small scale),,['Cytoplasm']
DIP-48343N|uniprotkb:Q940T9,DIP-48341N|refseq:NP_850874|uniprotkb:O82462,taxid:3702(Arabidopsis thaliana),taxid:3702(Arabidopsis thaliana),MI:0407(direct interaction),DIP-102582E,dip-quality-status:core,dip:0004(small scale),['Nucleus'],['Cytoplasm']
DIP-32735N|uniprotkb:Q43127,DIP-48341N|refseq:NP_850874|uniprotkb:O82462,taxid:3702(Arabidopsis thaliana),taxid:3702(Arabidopsis thaliana),MI:0407(direct interaction),DIP-102583E,dip-quality-status:core,dip:0004(small scale),['Mitochondrion'],['Cytoplasm']
DIP-48608N|refseq:NP_189087|uniprotkb:Q9LHF5,DIP-48609N|refseq:NP_194749|uniprotkb:Q9SUM4,taxid:3702(Arabidopsis thaliana),taxid:3702(Arabidopsis thaliana),MI:0915(physical association),DIP-103393E,dip-quality-status:core,dip:0004(small scale),['Nucleus'],['Nucleus']
DIP-33481N|refseq:NP_200631|uniprotkb:O22467,DIP-48608N|refseq:NP_189087|uniprotkb:Q9LHF5,taxid:3702(Arabidopsis thaliana),taxid:3702(Arabidopsis thaliana),MI:0915(physical association),DIP-103394E,dip-quality-status:core,dip:0004(small scale),['Nucleus'],['Nucleus']
DIP-31378N|refseq:NP_188710|uniprotkb:Q9LT47,DIP-48608N|refseq:NP_189087|uniprotkb:Q9LHF5,taxid:3702(Arabidopsis thaliana),taxid:3702(Arabidopsis thaliana),MI:0915(physical association),DIP-103395E,dip-quality-status:core,dip:0004(small scale),['Nucleus'],['Nucleus']
DIP-48608N|refseq:NP_189087|uniprotkb:Q9LHF5,DIP-48610N|uniprotkb:Q8W5B1,taxid:3702(Arabidopsis thaliana),taxid:3702(Arabidopsis thaliana),MI:0915(physical association),DIP-103396E,dip-quality-status:core,dip:0004(small scale),['Nucleus'],['Nucleus']
DIP-48608N|refseq:NP_189087|uniprotkb:Q9LHF5,DIP-48611N|refseq:NP_200548|uniprotkb:Q9FIE3,taxid:3702(Arabidopsis thaliana),taxid:3702(Arabidopsis thaliana),MI:0915(physical association),DIP-103397E,dip-quality-status:core,dip:0004(small scale),['Nucleus'],['Nucleus']
DIP-48661N|refseq:NP_568461|uniprotkb:Q84KJ5,DIP-48661N|refseq:NP_568461|uniprotkb:Q84KJ5,taxid:3702(Arabidopsis thaliana),taxid:3702(Arabidopsis thaliana),MI:0407(direct interaction),DIP-103440E,dip-quality-status:core,dip:0004(small scale),['Mitochondrion'],['Mitochondrion']
DIP-48677N|refseq:NP_188871|uniprotkb:O81098,DIP-40008N|refseq:NP_195305|uniprotkb:P18616,taxid:3702(Arabidopsis thaliana),taxid:3702(Arabidopsis thaliana),MI:0915(physical association),DIP-103467E,dip-quality-status:core,dip:0004(small scale),['Nucleus'],['Nucleus']
DIP-48678N|refseq:NP_181532|uniprotkb:Q5D869,DIP-48680N|refseq:NP_191267|uniprotkb:Q9M1J2,taxid:3702(Arabidopsis thaliana),taxid:3702(Arabidopsis thaliana),MI:0915(physical association)|MI:0915(physical association),DIP-103468E,dip-quality-status:core,dip:0004(small scale)|dip:0004(small scale),['Nucleus'],['Nucleus']
DIP-48679N|refseq:NP_176490|uniprotkb:Q9LQ02,DIP-48677N|refseq:NP_188871|uniprotkb:O81098,taxid:3702(Arabidopsis thaliana),taxid:3702(Arabidopsis thaliana),MI:0915(physical association),DIP-103469E,dip-quality-status:core,dip:0004(small scale),['Nucleus'],['Nucleus']
DIP-40551N|refseq:NP_565840|uniprotkb:Q9SJN0,DIP-48780N|refseq:NP_194414|uniprotkb:Q547B9,taxid:3702(Arabidopsis thaliana),taxid:3702(Arabidopsis thaliana),MI:0915(physical association)|MI:0407(direct interaction),DIP-103712E,dip-quality-status:core,dip:0004(small scale)|dip:0004(small scale),['Nucleus'],
DIP-31825N|refseq:NP_181907|uniprotkb:Q39026,DIP-48849N|refseq:NP_200968|uniprotkb:Q9FKG1,taxid:3702(Arabidopsis thaliana),taxid:3702(Arabidopsis thaliana),MI:0407(direct interaction),DIP-103816E,dip-quality-status:core,dip:0004(small scale),"['Cytoplasm', 'Nucleus']",['Nucleus']
DIP-45997N|refseq:NP_195650|uniprotkb:O22476,DIP-48930N|refseq:NP_563816|uniprotkb:O04153,taxid:3702(Arabidopsis thaliana),taxid:3702(Arabidopsis thaliana),MI:0915(physical association),DIP-103991E,dip-quality-status:core,dip:0004(small scale),,['Endoplasmic reticulum']
DIP-48783N|refseq:NP_188415|uniprotkb:Q8VWG7,DIP-48783N|refseq:NP_188415|uniprotkb:Q8VWG7,taxid:3702(Arabidopsis thaliana),taxid:3702(Arabidopsis thaliana),MI:0407(direct interaction)|MI:0407(direct interaction)|MI:0195(covalent binding)|MI:0407(direct interaction)|MI:0407(direct interaction),DIP-103719E,dip-quality-status:core,dip:0004(small scale)|dip:0004(small scale)|dip:0004(small scale)|dip:0004(small scale)|dip:0004(small scale),,
DIP-40533N|refseq:NP_174541|uniprotkb:Q39204,DIP-52213N|uniprotkb:Q8W4J8,taxid:3702(Arabidopsis thaliana),taxid:3702(Arabidopsis thaliana),MI:0407(direct interaction)|MI:0915(physical association)|MI:0407(direct interaction)|MI:0407(direct interaction)|MI:0915(physical association)|MI:0915(physical association),DIP-122447E,dip-quality-status:core,dip:0004(small scale)|dip:0004(small scale)|dip:0004(small scale)|dip:0004(small scale)|dip:0004(small scale)|dip:0004(small scale),['Nucleus'],['Nucleus']
DIP-40533N|refseq:NP_174541|uniprotkb:Q39204,DIP-39129N|refseq:NP_564075|uniprotkb:Q9LMA8,taxid:3702(Arabidopsis thaliana),taxid:3702(Arabidopsis thaliana),MI:0407(direct interaction)|MI:0915(physical association)|MI:0407(direct interaction)|MI:0407(direct interaction),DIP-122448E,dip-quality-status:core,dip:0004(small scale)|dip:0004(small scale)|dip:0004(small scale)|dip:0004(small scale),['Nucleus'],['Nucleus']
DIP-32850N|refseq:NP_180854|uniprotkb:P43254,DIP-32850N|refseq:NP_180854|uniprotkb:P43254,taxid:3702(Arabidopsis thaliana),taxid:3702(Arabidopsis thaliana),MI:0915(physical association)|MI:0915(physical association),DIP-122411E,dip-quality-status:core,dip:0004(small scale)|dip:0004(small scale),"['Cytoplasm', 'Nucleus']","['Cytoplasm', 'Nucleus']"
DIP-31324N|refseq:NP_565919|uniprotkb:O04197,DIP-52213N|uniprotkb:Q8W4J8,taxid:3702(Arabidopsis thaliana),taxid:3702(Arabidopsis thaliana),MI:0915(physical association)|MI:0407(direct interaction),DIP-122445E,dip-quality-status:core,dip:0004(small scale)|dip:0004(small scale),,['Nucleus']
DIP-31377N|refseq:NP_179919|uniprotkb:P93831,DIP-48610N|uniprotkb:Q8W5B1,taxid:3702(Arabidopsis thaliana),taxid:3702(Arabidopsis thaliana),MI:0915(physical association)|MI:0915(physical association),DIP-132608E,dip-quality-status:core,dip:0004(small scale)|dip:0004(small scale),['Nucleus'],['Nucleus']
DIP-52883N|uniprotkb:Q9LKW9,DIP-52884N|uniprotkb:Q8RY59,taxid:3702(Arabidopsis thaliana),taxid:3702(Arabidopsis thaliana),MI:0915(physical association)|MI:0407(direct interaction)|MI:0915(physical association)|MI:0915(physical association)|MI:0915(physical association),DIP-134557E,dip-quality-status:core,dip:0004(small scale)|dip:0004(small scale)|dip:0004(small scale)|dip:0004(small scale)|dip:0004(small scale),,['Nucleus']
DIP-40533N|refseq:NP_174541|uniprotkb:Q39204,DIP-53279N|uniprotkb:Q9C5K8,taxid:3702(Arabidopsis thaliana),taxid:3702(Arabidopsis thaliana),MI:0407(direct interaction),DIP-135163E,dip-quality-status:core,dip:0004(small scale),['Nucleus'],['Nucleus']
DIP-35001N|refseq:NP_192099|uniprotkb:Q9ZST4,DIP-53401N|uniprotkb:Q9SCL7,taxid:3702(Arabidopsis thaliana),taxid:3702(Arabidopsis thaliana),MI:0915(physical association),DIP-135232E,dip-quality-status:core,dip:0004(small scale),,
DIP-31825N|refseq:NP_181907|uniprotkb:Q39026,DIP-31825N|refseq:NP_181907|uniprotkb:Q39026,taxid:3702(Arabidopsis thaliana),taxid:3702(Arabidopsis thaliana),MI:0217(phosphorylation reaction),DIP-135355E,dip-quality-status:core,dip:0004(small scale),"['Cytoplasm', 'Nucleus']","['Cytoplasm', 'Nucleus']"
DIP-34948N|uniprotkb:P93022,DIP-54845N|uniprotkb:O24408,taxid:3702(Arabidopsis thaliana),taxid:3702(Arabidopsis thaliana),MI:0915(physical association),DIP-137069E,dip-quality-status:core,dip:0004(small scale),['Nucleus'],['Nucleus']
DIP-52859N|uniprotkb:Q9ZPX9,DIP-54846N|uniprotkb:Q9FHN8,taxid:3702(Arabidopsis thaliana),taxid:3702(Arabidopsis thaliana),MI:0407(direct interaction)|MI:0915(physical association),DIP-137080E,dip-quality-status:core,dip:0004(small scale)|dip:0004(small scale),,['Cytoplasm']
DIP-40581N|uniprotkb:Q9SV55,DIP-39129N|refseq:NP_564075|uniprotkb:Q9LMA8,taxid:3702(Arabidopsis thaliana),taxid:3702(Arabidopsis thaliana),MI:0407(direct interaction)|MI:0915(physical association)|MI:0407(direct interaction)|MI:0915(physical association),DIP-185673E,dip-quality-status:core,dip:0004(small scale)|dip:0004(small scale)|dip:0004(small scale)|dip:0004(small scale),['Nucleus'],['Nucleus']
DIP-52391N|uniprotkb:Q94AI7,DIP-40581N|uniprotkb:Q9SV55,taxid:3702(Arabidopsis thaliana),taxid:3702(Arabidopsis thaliana),MI:0407(direct interaction)|MI:0407(direct interaction)|MI:0407(direct interaction)|MI:0915(physical association),DIP-185674E,dip-quality-status:core,dip:0004(small scale)|dip:0004(small scale)|dip:0004(small scale)|dip:0004(small scale),['Nucleus'],['Nucleus']
DIP-52391N|uniprotkb:Q94AI7,DIP-52391N|uniprotkb:Q94AI7,taxid:3702(Arabidopsis thaliana),taxid:3702(Arabidopsis thaliana),MI:0407(direct interaction),DIP-185676E,dip-quality-status:core,dip:0004(small scale),['Nucleus'],['Nucleus']
DIP-53275N|uniprotkb:Q9LDU5,DIP-40581N|uniprotkb:Q9SV55,taxid:3702(Arabidopsis thaliana),taxid:3702(Arabidopsis thaliana),MI:0915(physical association)|MI:0407(direct interaction),DIP-185678E,dip-quality-status:core,dip:0004(small scale)|dip:0004(small scale),['Nucleus'],['Nucleus']
DIP-40581N|uniprotkb:Q9SV55,DIP-52213N|uniprotkb:Q8W4J8,taxid:3702(Arabidopsis thaliana),taxid:3702(Arabidopsis thaliana),MI:0915(physical association)|MI:0407(direct interaction),DIP-185680E,dip-quality-status:core,dip:0004(small scale)|dip:0004(small scale),['Nucleus'],['Nucleus']
DIP-53276N|uniprotkb:Q93ZM9,DIP-40581N|uniprotkb:Q9SV55,taxid:3702(Arabidopsis thaliana),taxid:3702(Arabidopsis thaliana),MI:0915(physical association)|MI:0407(direct interaction),DIP-185681E,dip-quality-status:core,dip:0004(small scale)|dip:0004(small scale),['Nucleus'],['Nucleus']
DIP-40581N|uniprotkb:Q9SV55,DIP-53278N|uniprotkb:Q9M246,taxid:3702(Arabidopsis thaliana),taxid:3702(Arabidopsis thaliana),MI:0407(direct interaction),DIP-185682E,dip-quality-status:core,dip:0004(small scale),['Nucleus'],['Nucleus']
DIP-53279N|uniprotkb:Q9C5K8,DIP-40581N|uniprotkb:Q9SV55,taxid:3702(Arabidopsis thaliana),taxid:3702(Arabidopsis thaliana),MI:0407(direct interaction)|MI:0915(physical association),DIP-185683E,dip-quality-status:core,dip:0004(small scale)|dip:0004(small scale),['Nucleus'],['Nucleus']
DIP-58589N|refseq:NP_563933|uniprotkb:Q9LMX5,DIP-52391N|uniprotkb:Q94AI7,taxid:3702(Arabidopsis thaliana),taxid:3702(Arabidopsis thaliana),MI:0407(direct interaction),DIP-185685E,dip-quality-status:core,dip:0004(small scale),['Nucleus'],['Nucleus']
DIP-40552N|uniprotkb:Q94F39,DIP-52391N|uniprotkb:Q94AI7,taxid:3702(Arabidopsis thaliana),taxid:3702(Arabidopsis thaliana),MI:0407(direct interaction),DIP-185686E,dip-quality-status:core,dip:0004(small scale),['Nucleus'],['Nucleus']
DIP-58590N|uniprotkb:O23403,DIP-40581N|uniprotkb:Q9SV55,taxid:3702(Arabidopsis thaliana),taxid:3702(Arabidopsis thaliana),MI:0407(direct interaction),DIP-185687E,dip-quality-status:core,dip:0004(small scale),,['Nucleus']
DIP-40581N|uniprotkb:Q9SV55,DIP-58588N|refseq:NP_193208|uniprotkb:Q8GY55,taxid:3702(Arabidopsis thaliana),taxid:3702(Arabidopsis thaliana),MI:0407(direct interaction)|MI:0915(physical association),DIP-185688E,dip-quality-status:core,dip:0004(small scale)|dip:0004(small scale),['Nucleus'],['Nucleus']
DIP-58591N|refseq:NP_567898|uniprotkb:Q84MB2,DIP-40581N|uniprotkb:Q9SV55,taxid:3702(Arabidopsis thaliana),taxid:3702(Arabidopsis thaliana),MI:0407(direct interaction),DIP-185689E,dip-quality-status:core,dip:0004(small scale),['Nucleus'],['Nucleus']
DIP-35001N|refseq:NP_192099|uniprotkb:Q9ZST4,DIP-58510N|refseq:NP_567035|uniprotkb:Q93W03,taxid:3702(Arabidopsis thaliana),taxid:3702(Arabidopsis thaliana),MI:0915(physical association),DIP-185555E,dip-quality-status:core,dip:0004(small scale),,
DIP-35001N|refseq:NP_192099|uniprotkb:Q9ZST4,DIP-58511N|refseq:NP_564612|uniprotkb:Q8VZ68,taxid:3702(Arabidopsis thaliana),taxid:3702(Arabidopsis thaliana),MI:0915(physical association),DIP-185556E,dip-quality-status:core,dip:0004(small scale),,
DIP-58514N|refseq:NP_197143|uniprotkb:Q42533,DIP-35001N|refseq:NP_192099|uniprotkb:Q9ZST4,taxid:3702(Arabidopsis thaliana),taxid:3702(Arabidopsis thaliana),MI:0915(physical association),DIP-185558E,dip-quality-status:core,dip:0004(small scale),,
DIP-40532N|refseq:NP_566590|uniprotkb:Q9LVI4,DIP-40581N|uniprotkb:Q9SV55,taxid:3702(Arabidopsis thaliana),taxid:3702(Arabidopsis thaliana),MI:0407(direct interaction)|MI:0915(physical association)|MI:0407(direct interaction),DIP-185671E,dip-quality-status:core,dip:0004(small scale)|dip:0004(small scale)|dip:0004(small scale),['Nucleus'],['Nucleus']
DIP-33453N|refseq:NP_563850|uniprotkb:O04492,DIP-33453N|refseq:NP_563850|uniprotkb:O04492,taxid:3702(Arabidopsis thaliana),taxid:3702(Arabidopsis thaliana),MI:0407(direct interaction)|MI:0915(physical association)|MI:0407(direct interaction)|MI:0407(direct interaction),DIP-186303E,dip-quality-status:core,dip:0004(small scale)|dip:0004(small scale)|dip:0004(small scale)|dip:0004(small scale),['Nucleus'],['Nucleus']
DIP-58979N|refseq:NP_565635|uniprotkb:Q9ZVD0,DIP-33453N|refseq:NP_563850|uniprotkb:O04492,taxid:3702(Arabidopsis thaliana),taxid:3702(Arabidopsis thaliana),MI:0915(physical association),DIP-186304E,dip-quality-status:core,dip:0004(small scale),['Nucleus'],['Nucleus']
DIP-53279N|uniprotkb:Q9C5K8,DIP-39129N|refseq:NP_564075|uniprotkb:Q9LMA8,taxid:3702(Arabidopsis thaliana),taxid:3702(Arabidopsis thaliana),MI:0915(physical association),DIP-186145E,dip-quality-status:core,dip:0004(small scale),['Nucleus'],['Nucleus']
DIP-58585N|refseq:NP_199488|uniprotkb:Q9FIP9,DIP-39129N|refseq:NP_564075|uniprotkb:Q9LMA8,taxid:3702(Arabidopsis thaliana),taxid:3702(Arabidopsis thaliana),MI:0407(direct interaction)|MI:0915(physical association)|MI:0915(physical association),DIP-186146E,dip-quality-status:core,dip:0004(small scale)|dip:0004(small scale)|dip:0004(small scale),['Nucleus'],['Nucleus']
DIP-40581N|uniprotkb:Q9SV55,DIP-58585N|refseq:NP_199488|uniprotkb:Q9FIP9,taxid:3702(Arabidopsis thaliana),taxid:3702(Arabidopsis thaliana),MI:0915(physical association),DIP-186147E,dip-quality-status:core,dip:0004(small scale),['Nucleus'],['Nucleus']
DIP-59004N|refseq:NP_192772|uniprotkb:Q9XF89,DIP-37639N|refseq:NP_566101|uniprotkb:O22265,taxid:3702(Arabidopsis thaliana),taxid:3702(Arabidopsis thaliana),MI:0407(direct interaction),DIP-186375E,dip-quality-status:core,dip:0004(small scale),,
DIP-37642N|uniprotkb:P42697,DIP-37642N|uniprotkb:P42697,taxid:3702(Arabidopsis thaliana),taxid:3702(Arabidopsis thaliana),MI:0407(direct interaction),DIP-186377E,dip-quality-status:core,dip:0004(small scale),['Cytoplasm'],['Cytoplasm']
DIP-53383N|uniprotkb:Q9LQ55,DIP-37642N|uniprotkb:P42697,taxid:3702(Arabidopsis thaliana),taxid:3702(Arabidopsis thaliana),MI:0407(direct interaction)|MI:0407(direct interaction),DIP-186378E,dip-quality-status:core,dip:0004(small scale)|dip:0004(small scale),['Cytoplasm'],['Cytoplasm']
DIP-56439N|uniprotkb:O22609,DIP-56439N|uniprotkb:O22609,taxid:3702(Arabidopsis thaliana),taxid:3702(Arabidopsis thaliana),MI:0407(direct interaction)|MI:0407(direct interaction),DIP-187006E,dip-quality-status:core,dip:0004(small scale)|dip:0004(small scale),,
DIP-59179N|refseq:NP_180305|uniprotkb:Q9ZQI2,DIP-59179N|refseq:NP_180305|uniprotkb:Q9ZQI2,taxid:3702(Arabidopsis thaliana),taxid:3702(Arabidopsis thaliana),MI:0915(physical association),DIP-187210E,dip-quality-status:core,dip:0004(small scale),,
DIP-59279N|refseq:NP_196966|uniprotkb:Q9M548,DIP-59278N|refseq:NP_188907|uniprotkb:Q9LUJ3,taxid:3702(Arabidopsis thaliana),taxid:3702(Arabidopsis thaliana),MI:0915(physical association)|MI:0915(physical association),DIP-187481E,dip-quality-status:core,dip:0004(small scale)|dip:0004(small scale),['Nucleus'],['Nucleus']
DIP-59278N|refseq:NP_188907|uniprotkb:Q9LUJ3,DIP-53402N|uniprotkb:Q9ZVD5,taxid:3702(Arabidopsis thaliana),taxid:3702(Arabidopsis thaliana),MI:0915(physical association)|MI:0915(physical association),DIP-187482E,dip-quality-status:core,dip:0004(small scale)|dip:0004(small scale),['Nucleus'],['Nucleus']
DIP-40008N|refseq:NP_195305|uniprotkb:P18616,DIP-59278N|refseq:NP_188907|uniprotkb:Q9LUJ3,taxid:3702(Arabidopsis thaliana),taxid:3702(Arabidopsis thaliana),MI:0915(physical association)|MI:0915(physical association),DIP-187483E,dip-quality-status:core,dip:0004(small scale)|dip:0004(small scale),['Nucleus'],['Nucleus']
DIP-59278N|refseq:NP_188907|uniprotkb:Q9LUJ3,DIP-59278N|refseq:NP_188907|uniprotkb:Q9LUJ3,taxid:3702(Arabidopsis thaliana),taxid:3702(Arabidopsis thaliana),MI:0407(direct interaction),DIP-187484E,dip-quality-status:core,dip:0004(small scale),['Nucleus'],['Nucleus']
DIP-48581N|refseq:NP_199491|uniprotkb:Q8VZS8,DIP-48581N|refseq:NP_199491|uniprotkb:Q8VZS8,taxid:3702(Arabidopsis thaliana),taxid:3702(Arabidopsis thaliana),MI:0407(direct interaction)|MI:0407(direct interaction),DIP-187529E,dip-quality-status:core,dip:0004(small scale)|dip:0004(small scale),"['Cytoplasm', 'Nucleus']","['Cytoplasm', 'Nucleus']"
DIP-49025N|refseq:NP_563909|uniprotkb:Q9LD83,DIP-59319N|refseq:NP_565411|uniprotkb:Q38872,taxid:3702(Arabidopsis thaliana),taxid:3702(Arabidopsis thaliana),MI:0407(direct interaction),DIP-187587E,dip-quality-status:core,dip:0004(small scale),,['Nucleus']
DIP-33589N|uniprotkb:Q96524,DIP-59356N|refseq:NP_195179|uniprotkb:Q8GY61,taxid:3702(Arabidopsis thaliana),taxid:3702(Arabidopsis thaliana),MI:0407(direct interaction)|MI:0915(physical association)|MI:0407(direct interaction),DIP-187681E,dip-quality-status:core,dip:0004(small scale)|dip:0004(small scale)|dip:0004(small scale),"['Cytoplasm', 'Nucleus']",['Nucleus']
DIP-48609N|refseq:NP_194749|uniprotkb:Q9SUM4,DIP-31377N|refseq:NP_179919|uniprotkb:P93831,taxid:3702(Arabidopsis thaliana),taxid:3702(Arabidopsis thaliana),MI:0915(physical association),DIP-187737E,dip-quality-status:core,dip:0004(small scale),['Nucleus'],['Nucleus']
DIP-59393N|refseq:NP_195556|uniprotkb:Q93ZY2,DIP-59394N|refseq:NP_190723|uniprotkb:Q9SCZ4,taxid:3702(Arabidopsis thaliana),taxid:3702(Arabidopsis thaliana),MI:0407(direct interaction)|MI:0407(direct interaction)|MI:0407(direct interaction)|MI:0915(physical association),DIP-187743E,dip-quality-status:core,dip:0004(small scale)|dip:0004(small scale)|dip:0004(small scale)|dip:0004(small scale),['Cytoplasm'],
DIP-59398N|refseq:NP_174446|uniprotkb:Q56WM6,DIP-59394N|refseq:NP_190723|uniprotkb:Q9SCZ4,taxid:3702(Arabidopsis thaliana),taxid:3702(Arabidopsis thaliana),MI:0407(direct interaction),DIP-187747E,dip-quality-status:core,dip:0004(small scale),,
DIP-53238N|uniprotkb:Q9CA67,DIP-59382N|refseq:NP_567532|uniprotkb:Q9SYX1,taxid:3702(Arabidopsis thaliana),taxid:3702(Arabidopsis thaliana),MI:0407(direct interaction)|MI:0407(direct interaction),DIP-187733E,dip-quality-status:core,dip:0004(small scale)|dip:0004(small scale),,
DIP-31780N|refseq:NP_568402|uniprotkb:P94102,DIP-59496N|refseq:NP_191913|uniprotkb:Q7Y1C5,taxid:3702(Arabidopsis thaliana),taxid:3702(Arabidopsis thaliana),MI:0915(physical association),DIP-188153E,dip-quality-status:core,dip:0004(small scale),['Nucleus'],
DIP-59548N|refseq:NP_189533|uniprotkb:Q9SCU7,DIP-59549N|refseq:NP_565337|uniprotkb:Q8S8N6,taxid:3702(Arabidopsis thaliana),taxid:3702(Arabidopsis thaliana),MI:0407(direct interaction)|MI:0407(direct interaction)|MI:0915(physical association)|MI:0407(direct interaction),DIP-188608E,dip-quality-status:core,dip:0004(small scale)|dip:0004(small scale)|dip:0004(small scale)|dip:0004(small scale),['Nucleus'],"['Cytoplasm', 'Nucleus', 'Golgi apparatus']"
DIP-59588N|refseq:NP_186827|uniprotkb:F4J8D3,DIP-59588N|refseq:NP_186827|uniprotkb:F4J8D3,taxid:3702(Arabidopsis thaliana),taxid:3702(Arabidopsis thaliana),MI:0407(direct interaction)|MI:0407(direct interaction),DIP-188798E,dip-quality-status:core,dip:0004(small scale)|dip:0004(small scale),['Cytoplasm'],['Cytoplasm']
DIP-59588N|refseq:NP_186827|uniprotkb:F4J8D3,DIP-59589N|refseq:NP_565921|uniprotkb:O04209,taxid:3702(Arabidopsis thaliana),taxid:3702(Arabidopsis thaliana),MI:0407(direct interaction)|MI:0407(direct interaction)|MI:0407(direct interaction)|MI:0407(direct interaction),DIP-188799E,dip-quality-status:core,dip:0004(small scale)|dip:0004(small scale)|dip:0004(small scale)|dip:0004(small scale),['Cytoplasm'],['Cytoplasm']
DIP-59589N|refseq:NP_565921|uniprotkb:O04209,DIP-59589N|refseq:NP_565921|uniprotkb:O04209,taxid:3702(Arabidopsis thaliana),taxid:3702(Arabidopsis thaliana),MI:0407(direct interaction)|MI:0407(direct interaction),DIP-188800E,dip-quality-status:core,dip:0004(small scale)|dip:0004(small scale),['Cytoplasm'],['Cytoplasm']
DIP-59590N|refseq:NP_187466|uniprotkb:Q0WLB5,DIP-59589N|refseq:NP_565921|uniprotkb:O04209,taxid:3702(Arabidopsis thaliana),taxid:3702(Arabidopsis thaliana),MI:0407(direct interaction)|MI:0407(direct interaction)|MI:0407(direct interaction),DIP-188801E,dip-quality-status:core,dip:0004(small scale)|dip:0004(small scale)|dip:0004(small scale),['Cytoplasm'],['Cytoplasm']
DIP-59588N|refseq:NP_186827|uniprotkb:F4J8D3,DIP-59590N|refseq:NP_187466|uniprotkb:Q0WLB5,taxid:3702(Arabidopsis thaliana),taxid:3702(Arabidopsis thaliana),MI:0407(direct interaction)|MI:0407(direct interaction),DIP-188803E,dip-quality-status:core,dip:0004(small scale)|dip:0004(small scale),['Cytoplasm'],['Cytoplasm']
DIP-59592N|refseq:NP_564049|uniprotkb:Q9LM25,DIP-45997N|refseq:NP_195650|uniprotkb:O22476,taxid:3702(Arabidopsis thaliana),taxid:3702(Arabidopsis thaliana),MI:0915(physical association),DIP-188805E,dip-quality-status:core,dip:0004(small scale),['Endoplasmic reticulum'],
DIP-59590N|refseq:NP_187466|uniprotkb:Q0WLB5,DIP-59590N|refseq:NP_187466|uniprotkb:Q0WLB5,taxid:3702(Arabidopsis thaliana),taxid:3702(Arabidopsis thaliana),MI:0407(direct interaction),DIP-188802E,dip-quality-status:core,dip:0004(small scale),['Cytoplasm'],['Cytoplasm']
DIP-46981N|refseq:NP_193842|uniprotkb:O49552,DIP-59614N|refseq:NP_565456|uniprotkb:O22607,taxid:3702(Arabidopsis thaliana),taxid:3702(Arabidopsis thaliana),MI:0407(direct interaction),DIP-188846E,dip-quality-status:core,dip:0004(small scale),['Nucleus'],['Nucleus']
DIP-59614N|refseq:NP_565456|uniprotkb:O22607,DIP-31377N|refseq:NP_179919|uniprotkb:P93831,taxid:3702(Arabidopsis thaliana),taxid:3702(Arabidopsis thaliana),MI:0407(direct interaction)|MI:0407(direct interaction)|MI:0915(physical association),DIP-188847E,dip-quality-status:core,dip:0004(small scale)|dip:0004(small scale)|dip:0004(small scale),['Nucleus'],['Nucleus']
DIP-31377N|refseq:NP_179919|uniprotkb:P93831,DIP-59629N|refseq:NP_176751|uniprotkb:Q9SHY1,taxid:3702(Arabidopsis thaliana),taxid:3702(Arabidopsis thaliana),MI:0407(direct interaction)|MI:0915(physical association),DIP-188869E,dip-quality-status:core,dip:0004(small scale)|dip:0004(small scale),['Nucleus'],
DIP-40500N|refseq:NP_191535|uniprotkb:Q43725,DIP-40500N|refseq:NP_191535|uniprotkb:Q43725,taxid:3702(Arabidopsis thaliana),taxid:3702(Arabidopsis thaliana),MI:0407(direct interaction)|MI:0407(direct interaction),DIP-188881E,dip-quality-status:core,dip:0004(small scale)|dip:0004(small scale),['Mitochondrion'],['Mitochondrion']
DIP-31326N|refseq:NP_568603|uniprotkb:Q9FHW7,DIP-59629N|refseq:NP_176751|uniprotkb:Q9SHY1,taxid:3702(Arabidopsis thaliana),taxid:3702(Arabidopsis thaliana),MI:0407(direct interaction),DIP-188871E,dip-quality-status:core,dip:0004(small scale),['Nucleus'],
DIP-59667N|refseq:NP_201191|uniprotkb:Q9FN03,DIP-59667N|refseq:NP_201191|uniprotkb:Q9FN03,taxid:3702(Arabidopsis thaliana),taxid:3702(Arabidopsis thaliana),MI:0407(direct interaction)|MI:0407(direct interaction)|MI:0407(direct interaction),DIP-188992E,dip-quality-status:core,dip:0004(small scale)|dip:0004(small scale)|dip:0004(small scale),"['Cytoplasm', 'Nucleus']","['Cytoplasm', 'Nucleus']"
DIP-59360N|refseq:NP_193422|uniprotkb:O23530,DIP-59704N|refseq:NP_001078377|uniprotkb:Q9SU30,taxid:3702(Arabidopsis thaliana),taxid:3702(Arabidopsis thaliana),MI:0915(physical association)|MI:0915(physical association),DIP-189155E,dip-quality-status:core,dip:0004(small scale)|dip:0004(small scale),"['Cytoplasm', 'Nucleus']","['Cytoplasm', 'Nucleus']"
DIP-59704N|refseq:NP_001078377|uniprotkb:Q9SU30,DIP-53465N|uniprotkb:Q42484,taxid:3702(Arabidopsis thaliana),taxid:3702(Arabidopsis thaliana),MI:0915(physical association),DIP-189156E,dip-quality-status:core,dip:0004(small scale),"['Cytoplasm', 'Nucleus']",['Cytoplasm']
DIP-31718N|refseq:NP_564180|uniprotkb:Q9SQI2,DIP-33797N|refseq:NP_179840|uniprotkb:Q9FVC1,taxid:3702(Arabidopsis thaliana),taxid:3702(Arabidopsis thaliana),MI:0915(physical association)|MI:0407(direct interaction),DIP-189026E,dip-quality-status:core,dip:0004(small scale)|dip:0004(small scale),"['Cytoplasm', 'Nucleus']",['Nucleus']
DIP-31718N|refseq:NP_564180|uniprotkb:Q9SQI2,DIP-59693N|refseq:NP_173927|uniprotkb:Q9C6M5,taxid:3702(Arabidopsis thaliana),taxid:3702(Arabidopsis thaliana),MI:0915(physical association)|MI:0407(direct interaction),DIP-189027E,dip-quality-status:core,dip:0004(small scale)|dip:0004(small scale),"['Cytoplasm', 'Nucleus']",['Nucleus']
DIP-40462N|refseq:NP_568658|uniprotkb:Q8LGH4,DIP-31377N|refseq:NP_179919|uniprotkb:P93831,taxid:3702(Arabidopsis thaliana),taxid:3702(Arabidopsis thaliana),MI:0915(physical association),DIP-189122E,dip-quality-status:core,dip:0004(small scale),['Nucleus'],['Nucleus']
DIP-33365N|refseq:NP_200929|uniprotkb:Q9S7P9,DIP-59829N|refseq:NP_187788|uniprotkb:Q9ZSD4,taxid:3702(Arabidopsis thaliana),taxid:3702(Arabidopsis thaliana),MI:0218(physical interaction)|MI:0407(direct interaction)|MI:0218(physical interaction),DIP-189560E,dip-quality-status:core,dip:0004(small scale)|dip:0004(small scale)|dip:0004(small scale),,
DIP-59898N|refseq:NP_199324|uniprotkb:Q8L746,DIP-59898N|refseq:NP_199324|uniprotkb:Q8L746,taxid:3702(Arabidopsis thaliana),taxid:3702(Arabidopsis thaliana),MI:0407(direct interaction),DIP-189706E,dip-quality-status:core,dip:0004(small scale),['Nucleus'],['Nucleus']
DIP-60003N|refseq:NP_179082|uniprotkb:Q43295,DIP-60003N|refseq:NP_179082|uniprotkb:Q43295,taxid:3702(Arabidopsis thaliana),taxid:3702(Arabidopsis thaliana),MI:0407(direct interaction)|MI:0407(direct interaction)|MI:0408(disulfide bond),DIP-190197E,dip-quality-status:core,dip:0004(small scale)|dip:0004(small scale)|dip:0004(small scale),,
DIP-40341N|uniprotkb:Q00958,DIP-60019N|uniprotkb:F4IHS2,taxid:3702(Arabidopsis thaliana),taxid:3702(Arabidopsis thaliana),MI:0915(physical association)|MI:0915(physical association)|MI:0407(direct interaction)|MI:0915(physical association),DIP-190235E,dip-quality-status:core,dip:0004(small scale)|dip:0004(small scale)|dip:0004(small scale)|dip:0004(small scale),['Nucleus'],"['Cytoplasm', 'Nucleus']"
DIP-46526N|uniprotkb:Q6EVK6,DIP-40341N|uniprotkb:Q00958,taxid:3702(Arabidopsis thaliana),taxid:3702(Arabidopsis thaliana),MI:0407(direct interaction)|MI:0915(physical association)|MI:0915(physical association),DIP-190236E,dip-quality-status:core,dip:0004(small scale)|dip:0004(small scale)|dip:0004(small scale),['Nucleus'],['Nucleus']
DIP-40175N|refseq:NP_973611|uniprotkb:Q9FNY0,DIP-39421N|refseq:NP_175425|uniprotkb:Q9FR53,taxid:3702(Arabidopsis thaliana),taxid:3702(Arabidopsis thaliana),MI:0915(physical association),DIP-190925E,dip-quality-status:core,dip:0004(small scale),"['Cytoplasm', 'Nucleus']","['Cytoplasm', 'Nucleus']"
DIP-31718N|refseq:NP_564180|uniprotkb:Q9SQI2,DIP-60246N|uniprotkb:Q9FZK0,taxid:3702(Arabidopsis thaliana),taxid:3702(Arabidopsis thaliana),MI:0407(direct interaction),DIP-191031E,dip-quality-status:core,dip:0004(small scale),"['Cytoplasm', 'Nucleus']",['Nucleus']
DIP-60306N|refseq:NP_175459|uniprotkb:Q9LPR8,DIP-32983N|refseq:NP_178266|uniprotkb:Q9SLH3,taxid:3702(Arabidopsis thaliana),taxid:3702(Arabidopsis thaliana),MI:0407(direct interaction)|MI:0915(physical association)|MI:0915(physical association),DIP-191146E,dip-quality-status:core,dip:0004(small scale)|dip:0004(small scale)|dip:0004(small scale),['Nucleus'],['Nucleus']
DIP-31742N|refseq:NP_179469|uniprotkb:P14713,DIP-60324N|refseq:NP_566183|uniprotkb:Q8GXX7,taxid:3702(Arabidopsis thaliana),taxid:3702(Arabidopsis thaliana),MI:0915(physical association),DIP-191235E,dip-quality-status:core,dip:0004(small scale),"['Cytoplasm', 'Nucleus']",['Nucleus']
DIP-39043N|refseq:NP_201093|uniprotkb:O82481,DIP-59393N|refseq:NP_195556|uniprotkb:Q93ZY2,taxid:3702(Arabidopsis thaliana),taxid:3702(Arabidopsis thaliana),MI:0915(physical association),DIP-191240E,dip-quality-status:core,dip:0004(small scale),['Cytoplasm'],['Cytoplasm']
DIP-40571N|refseq:NP_196160|uniprotkb:O82132,DIP-39923N|refseq:NP_173925|uniprotkb:Q7XYY2,taxid:3702(Arabidopsis thaliana),taxid:3702(Arabidopsis thaliana),MI:0407(direct interaction)|MI:0407(direct interaction)|MI:0407(direct interaction),DIP-191267E,dip-quality-status:core,dip:0004(small scale)|dip:0004(small scale)|dip:0004(small scale),['Nucleus'],['Nucleus']
DIP-46552N|refseq:NP_177118|uniprotkb:Q9SEZ1,DIP-39923N|refseq:NP_173925|uniprotkb:Q7XYY2,taxid:3702(Arabidopsis thaliana),taxid:3702(Arabidopsis thaliana),MI:0407(direct interaction)|MI:0407(direct interaction)|MI:0407(direct interaction),DIP-191268E,dip-quality-status:core,dip:0004(small scale)|dip:0004(small scale)|dip:0004(small scale),['Nucleus'],['Nucleus']
DIP-60341N|uniprotkb:Q8GUN5,DIP-39923N|refseq:NP_173925|uniprotkb:Q7XYY2,taxid:3702(Arabidopsis thaliana),taxid:3702(Arabidopsis thaliana),MI:0407(direct interaction)|MI:0407(direct interaction)|MI:0407(direct interaction),DIP-191269E,dip-quality-status:core,dip:0004(small scale)|dip:0004(small scale)|dip:0004(small scale),['Nucleus'],['Nucleus']
DIP-60439N|refseq:NP_200931|uniprotkb:Q9FNP4,DIP-60440N|refseq:NP_197800|uniprotkb:Q9ZNX9,taxid:3702(Arabidopsis thaliana),taxid:3702(Arabidopsis thaliana),MI:0915(physical association)|MI:0915(physical association)|MI:0407(direct interaction)|MI:0407(direct interaction),DIP-191702E,dip-quality-status:core,dip:0004(small scale)|dip:0004(small scale)|dip:0004(small scale)|dip:0004(small scale),"['Cytoplasm', 'Nucleus', 'Mitochondrion']",['Mitochondrion']
DIP-33538N|refseq:NP_182157|uniprotkb:Q9SYX2,DIP-33589N|uniprotkb:Q96524,taxid:3702(Arabidopsis thaliana),taxid:3702(Arabidopsis thaliana),MI:0407(direct interaction),DIP-191515E,dip-quality-status:core,dip:0004(small scale),['Nucleus'],"['Cytoplasm', 'Nucleus']"
DIP-34865N|refseq:NP_188713|uniprotkb:O24606,DIP-39129N|refseq:NP_564075|uniprotkb:Q9LMA8,taxid:3702(Arabidopsis thaliana),taxid:3702(Arabidopsis thaliana),MI:0915(physical association)|MI:0915(physical association)|MI:0915(physical association)|MI:0407(direct interaction),DIP-191553E,dip-quality-status:core,dip:0004(small scale)|dip:0004(small scale)|dip:0004(small scale)|dip:0004(small scale),['Nucleus'],['Nucleus']
DIP-34865N|refseq:NP_188713|uniprotkb:O24606,DIP-52213N|uniprotkb:Q8W4J8,taxid:3702(Arabidopsis thaliana),taxid:3702(Arabidopsis thaliana),MI:0407(direct interaction),DIP-191561E,dip-quality-status:core,dip:0004(small scale),['Nucleus'],['Nucleus']
DIP-60469N|refseq:NP_001031185|uniprotkb:Q9SSA8,DIP-32848N|refseq:NP_194507|uniprotkb:Q9STP8,taxid:3702(Arabidopsis thaliana),taxid:3702(Arabidopsis thaliana),MI:0407(direct interaction)|MI:0915(physical association)|MI:0407(direct interaction),DIP-191844E,dip-quality-status:core,dip:0004(small scale)|dip:0004(small scale)|dip:0004(small scale),['Nucleus'],"['Endoplasmic reticulum', 'Peroxisome']"
DIP-34865N|refseq:NP_188713|uniprotkb:O24606,DIP-40532N|refseq:NP_566590|uniprotkb:Q9LVI4,taxid:3702(Arabidopsis thaliana),taxid:3702(Arabidopsis thaliana),MI:0407(direct interaction),DIP-191560E,dip-quality-status:core,dip:0004(small scale),['Nucleus'],['Nucleus']
DIP-60556N|refseq:NP_190271|uniprotkb:Q9STF9,DIP-60556N|refseq:NP_190271|uniprotkb:Q9STF9,taxid:3702(Arabidopsis thaliana),taxid:3702(Arabidopsis thaliana),MI:0407(direct interaction),DIP-192425E,dip-quality-status:core,dip:0004(small scale),,
DIP-33046N|refseq:NP_566417|uniprotkb:Q9LKZ3,DIP-60613N|refseq:NP_199548|uniprotkb:P46601,taxid:3702(Arabidopsis thaliana),taxid:3702(Arabidopsis thaliana),MI:0915(physical association),DIP-192601E,dip-quality-status:core,dip:0004(small scale),['Nucleus'],['Nucleus']
DIP-40175N|refseq:NP_973611|uniprotkb:Q9FNY0,DIP-33046N|refseq:NP_566417|uniprotkb:Q9LKZ3,taxid:3702(Arabidopsis thaliana),taxid:3702(Arabidopsis thaliana),MI:0915(physical association),DIP-192602E,dip-quality-status:core,dip:0004(small scale),"['Cytoplasm', 'Nucleus']",['Nucleus']
DIP-60618N|uniprotkb:F4IXJ7,DIP-39929N|refseq:NP_196784|uniprotkb:Q9FMP0,taxid:3702(Arabidopsis thaliana),taxid:3702(Arabidopsis thaliana),MI:0915(physical association),DIP-192606E,dip-quality-status:core,dip:0004(small scale),['Nucleus'],['Nucleus']
DIP-33892N|uniprotkb:O80536,DIP-32983N|refseq:NP_178266|uniprotkb:Q9SLH3,taxid:3702(Arabidopsis thaliana),taxid:3702(Arabidopsis thaliana),MI:0407(direct interaction)|MI:0915(physical association)|MI:0915(physical association)|MI:0407(direct interaction)|MI:0915(physical association)|MI:0915(physical association),DIP-195751E,dip-quality-status:core,dip:0004(small scale)|dip:0004(small scale)|dip:0004(small scale)|dip:0004(small scale)|dip:0004(small scale)|dip:0004(small scale),['Nucleus'],['Nucleus']
DIP-33903N|refseq:NP_565991|uniprotkb:Q8W2F3,DIP-32983N|refseq:NP_178266|uniprotkb:Q9SLH3,taxid:3702(Arabidopsis thaliana),taxid:3702(Arabidopsis thaliana),MI:0915(physical association)|MI:0407(direct interaction)|MI:0915(physical association)|MI:0915(physical association),DIP-195760E,dip-quality-status:core,dip:0004(small scale)|dip:0004(small scale)|dip:0004(small scale)|dip:0004(small scale),['Nucleus'],['Nucleus']
DIP-59667N|refseq:NP_201191|uniprotkb:Q9FN03,DIP-32850N|refseq:NP_180854|uniprotkb:P43254,taxid:3702(Arabidopsis thaliana),taxid:3702(Arabidopsis thaliana),MI:0915(physical association),DIP-196101E,dip-quality-status:core,dip:0004(small scale),"['Cytoplasm', 'Nucleus']","['Cytoplasm', 'Nucleus']"
DIP-60756N|uniprotkb:P48641,DIP-60756N|uniprotkb:P48641,taxid:3702(Arabidopsis thaliana),taxid:3702(Arabidopsis thaliana),MI:0407(direct interaction),DIP-196148E,dip-quality-status:core,dip:0004(small scale),['Cytoplasm'],['Cytoplasm']
DIP-31740N|refseq:NP_567135|uniprotkb:Q570C0,DIP-34946N|refseq:NP_188173|uniprotkb:O24409,taxid:3702(Arabidopsis thaliana),taxid:3702(Arabidopsis thaliana),MI:0915(physical association),DIP-196384E,dip-quality-status:core,dip:0004(small scale),['Nucleus'],['Nucleus']
DIP-59667N|refseq:NP_201191|uniprotkb:Q9FN03,DIP-60744N|refseq:NP_200038|uniprotkb:Q9LTJ6,taxid:3702(Arabidopsis thaliana),taxid:3702(Arabidopsis thaliana),MI:0407(direct interaction),DIP-196099E,dip-quality-status:core,dip:0004(small scale),"['Cytoplasm', 'Nucleus']","['Cytoplasm', 'Nucleus']"
DIP-33589N|uniprotkb:Q96524,DIP-33589N|uniprotkb:Q96524,taxid:3702(Arabidopsis thaliana),taxid:3702(Arabidopsis thaliana),MI:0915(physical association)|MI:0915(physical association),DIP-196807E,dip-quality-status:core,dip:0004(small scale)|dip:0004(small scale),"['Cytoplasm', 'Nucleus']","['Cytoplasm', 'Nucleus']"
DIP-53310N|uniprotkb:Q9FE20,DIP-60862N|refseq:NP_001184970|uniprotkb:O64973,taxid:3702(Arabidopsis thaliana),taxid:3702(Arabidopsis thaliana),MI:0915(physical association)|MI:0915(physical association),DIP-196638E,dip-quality-status:core,dip:0004(small scale)|dip:0004(small scale),,
DIP-60862N|refseq:NP_001184970|uniprotkb:O64973,DIP-60862N|refseq:NP_001184970|uniprotkb:O64973,taxid:3702(Arabidopsis thaliana),taxid:3702(Arabidopsis thaliana),MI:0915(physical association)|MI:0915(physical association)|MI:0915(physical association)|MI:0915(physical association)|MI:0915(physical association)|MI:0915(physical association),DIP-196640E,dip-quality-status:core,dip:0004(small scale)|dip:0004(small scale)|dip:0004(small scale)|dip:0004(small scale)|dip:0004(small scale)|dip:0004(small scale),,
DIP-61020N|refseq:NP_187615|uniprotkb:Q8RWY5,DIP-60469N|refseq:NP_001031185|uniprotkb:Q9SSA8,taxid:3702(Arabidopsis thaliana),taxid:3702(Arabidopsis thaliana),MI:0915(physical association)|MI:0915(physical association)|MI:0915(physical association)|MI:0915(physical association),DIP-197171E,dip-quality-status:core,dip:0004(small scale)|dip:0004(small scale)|dip:0004(small scale)|dip:0004(small scale),,['Nucleus']
DIP-61092N|refseq:NP_190425|uniprotkb:P17597,DIP-61092N|refseq:NP_190425|uniprotkb:P17597,taxid:3702(Arabidopsis thaliana),taxid:3702(Arabidopsis thaliana),MI:0407(direct interaction),DIP-197420E,dip-quality-status:core,dip:0004(small scale),,
DIP-61175N|uniprotkb:Q9LSE2,DIP-61174N|refseq:NP_181511|uniprotkb:Q84JU6,taxid:3702(Arabidopsis thaliana),taxid:3702(Arabidopsis thaliana),MI:0915(physical association)|MI:0407(direct interaction)|MI:0915(physical association),DIP-197708E,dip-quality-status:core,dip:0004(small scale)|dip:0004(small scale)|dip:0004(small scale),['Nucleus'],"['Cytoplasm', 'Nucleus']"
DIP-34783N|refseq:NP_565292|uniprotkb:Q9SWI1,DIP-61198N|uniprotkb:Q9FMF5,taxid:3702(Arabidopsis thaliana),taxid:3702(Arabidopsis thaliana),MI:0407(direct interaction)|MI:0915(physical association),DIP-197733E,dip-quality-status:core,dip:0004(small scale)|dip:0004(small scale),,
DIP-61206N|refseq:NP_569001|uniprotkb:Q9LV87,DIP-61207N|refseq:NP_177451|uniprotkb:Q9SSL9,taxid:3702(Arabidopsis thaliana),taxid:3702(Arabidopsis thaliana),MI:0407(direct interaction),DIP-197742E,dip-quality-status:core,dip:0004(small scale),,
DIP-61198N|uniprotkb:Q9FMF5,DIP-38655N|uniprotkb:O48963,taxid:3702(Arabidopsis thaliana),taxid:3702(Arabidopsis thaliana),MI:0915(physical association),DIP-197762E,dip-quality-status:core,dip:0004(small scale),,['Cytoplasm']
DIP-36761N|uniprotkb:Q93VD3,DIP-36761N|uniprotkb:Q93VD3,taxid:3702(Arabidopsis thaliana),taxid:3702(Arabidopsis thaliana),MI:0217(phosphorylation reaction),DIP-197909E,dip-quality-status:core,dip:0004(small scale),,
DIP-48611N|refseq:NP_200548|uniprotkb:Q9FIE3,DIP-48610N|uniprotkb:Q8W5B1,taxid:3702(Arabidopsis thaliana),taxid:3702(Arabidopsis thaliana),MI:0915(physical association)|MI:0915(physical association),DIP-198078E,dip-quality-status:core,dip:0004(small scale)|dip:0004(small scale),['Nucleus'],['Nucleus']
DIP-48610N|uniprotkb:Q8W5B1,DIP-31378N|refseq:NP_188710|uniprotkb:Q9LT47,taxid:3702(Arabidopsis thaliana),taxid:3702(Arabidopsis thaliana),MI:0915(physical association)|MI:0915(physical association)|MI:0915(physical association),DIP-198079E,dip-quality-status:core,dip:0004(small scale)|dip:0004(small scale)|dip:0004(small scale),['Nucleus'],['Nucleus']
DIP-61369N|refseq:NP_192207|uniprotkb:P33487,DIP-46512N|uniprotkb:P43298,taxid:3702(Arabidopsis thaliana),taxid:3702(Arabidopsis thaliana),MI:0915(physical association)|MI:0915(physical association)|MI:0915(physical association),DIP-198651E,dip-quality-status:core,dip:0004(small scale)|dip:0004(small scale)|dip:0004(small scale),['Endoplasmic reticulum'],
DIP-53368N|uniprotkb:Q9MAQ0,DIP-61406N|uniprotkb:Q94AX2,taxid:3702(Arabidopsis thaliana),taxid:3702(Arabidopsis thaliana),MI:0915(physical association)|MI:0407(direct interaction),DIP-198759E,dip-quality-status:core,dip:0004(small scale)|dip:0004(small scale),,
DIP-33797N|refseq:NP_179840|uniprotkb:Q9FVC1,DIP-33797N|refseq:NP_179840|uniprotkb:Q9FVC1,taxid:3702(Arabidopsis thaliana),taxid:3702(Arabidopsis thaliana),MI:0915(physical association),DIP-198805E,dip-quality-status:core,dip:0004(small scale),['Nucleus'],['Nucleus']
DIP-61428N|refseq:NP_171789|uniprotkb:Q9SRY3,DIP-59394N|refseq:NP_190723|uniprotkb:Q9SCZ4,taxid:3702(Arabidopsis thaliana),taxid:3702(Arabidopsis thaliana),MI:0407(direct interaction)|MI:0915(physical association)|MI:0407(direct interaction),DIP-198824E,dip-quality-status:core,dip:0004(small scale)|dip:0004(small scale)|dip:0004(small scale),,
DIP-61516N|refseq:NP_563945|uniprotkb:Q93VT9,DIP-61515N|refseq:NP_001078536|uniprotkb:Q9FFJ8,taxid:3702(Arabidopsis thaliana),taxid:3702(Arabidopsis thaliana),MI:0915(physical association)|MI:0915(physical association)|MI:0915(physical association)|MI:0915(physical association)|MI:0915(physical association)|MI:0915(physical association),DIP-199058E,dip-quality-status:core,dip:0004(small scale)|dip:0004(small scale)|dip:0004(small scale)|dip:0004(small scale)|dip:0004(small scale)|dip:0004(small scale),"['Cytoplasm', 'Nucleus']",['Nucleus']
DIP-61517N|refseq:NP_197104|uniprotkb:Q9LFS4,DIP-61516N|refseq:NP_563945|uniprotkb:Q93VT9,taxid:3702(Arabidopsis thaliana),taxid:3702(Arabidopsis thaliana),MI:0915(physical association),DIP-199059E,dip-quality-status:core,dip:0004(small scale),,"['Cytoplasm', 'Nucleus']"
DIP-61567N|uniprotkb:O23346,DIP-61567N|uniprotkb:O23346,taxid:3702(Arabidopsis thaliana),taxid:3702(Arabidopsis thaliana),MI:0407(direct interaction),DIP-199194E,dip-quality-status:core,dip:0004(small scale),,
DIP-61572N|refseq:NP_563814|uniprotkb:Q9SJF3,DIP-61571N|refseq:NP_171805|uniprotkb:F4HZB2,taxid:3702(Arabidopsis thaliana),taxid:3702(Arabidopsis thaliana),MI:0915(physical association)|MI:0407(direct interaction)|MI:0915(physical association)|MI:0915(physical association)|MI:0915(physical association),DIP-199204E,dip-quality-status:core,dip:0004(small scale)|dip:0004(small scale)|dip:0004(small scale)|dip:0004(small scale)|dip:0004(small scale),['Cytoplasm'],['Cytoplasm']
DIP-61574N|uniprotkb:Q8VZC9,DIP-61573N|refseq:NP_196488|uniprotkb:Q9FY89,taxid:3702(Arabidopsis thaliana),taxid:3702(Arabidopsis thaliana),MI:0915(physical association),DIP-199205E,dip-quality-status:core,dip:0004(small scale),,
DIP-61674N|refseq:NP_197548|uniprotkb:C0LGT6,DIP-61674N|refseq:NP_197548|uniprotkb:C0LGT6,taxid:3702(Arabidopsis thaliana),taxid:3702(Arabidopsis thaliana),MI:0217(phosphorylation reaction),DIP-199437E,dip-quality-status:core,dip:0004(small scale),,
DIP-61676N|uniprotkb:P0DKH5,DIP-61676N|uniprotkb:P0DKH5,taxid:3702(Arabidopsis thaliana),taxid:3702(Arabidopsis thaliana),MI:0915(physical association)|MI:0407(direct interaction)|MI:0407(direct interaction)|MI:0407(direct interaction)|MI:0915(physical association),DIP-199442E,dip-quality-status:core,dip:0004(small scale)|dip:0004(small scale)|dip:0004(small scale)|dip:0004(small scale)|dip:0004(small scale),"['Cytoplasm', 'Nucleus']","['Cytoplasm', 'Nucleus']"
DIP-61677N|refseq:NP_199338|uniprotkb:Q9XGM3,DIP-61676N|uniprotkb:P0DKH5,taxid:3702(Arabidopsis thaliana),taxid:3702(Arabidopsis thaliana),MI:0407(direct interaction)|MI:0915(physical association)|MI:0407(direct interaction)|MI:0407(direct interaction)|MI:0407(direct interaction)|MI:0407(direct interaction)|MI:0915(physical association)|MI:0915(physical association)|MI:0407(direct interaction)|MI:0915(physical association)|MI:0915(physical association)|MI:0915(physical association)|MI:0407(direct interaction)|MI:0915(physical association)|MI:0915(physical association)|MI:0915(physical association)|MI:0915(physical association)|MI:0915(physical association),DIP-199443E,dip-quality-status:core,dip:0004(small scale)|dip:0004(small scale)|dip:0004(small scale)|dip:0004(small scale)|dip:0004(small scale)|dip:0004(small scale)|dip:0004(small scale)|dip:0004(small scale)|dip:0004(small scale)|dip:0004(small scale)|dip:0004(small scale)|dip:0004(small scale)|dip:0004(small scale)|dip:0004(small scale)|dip:0004(small scale)|dip:0004(small scale)|dip:0004(small scale)|dip:0004(small scale),"['Cytoplasm', 'Nucleus']","['Cytoplasm', 'Nucleus']"
DIP-61677N|refseq:NP_199338|uniprotkb:Q9XGM3,DIP-61677N|refseq:NP_199338|uniprotkb:Q9XGM3,taxid:3702(Arabidopsis thaliana),taxid:3702(Arabidopsis thaliana),MI:0407(direct interaction)|MI:0915(physical association)|MI:0915(physical association)|MI:0407(direct interaction)|MI:0407(direct interaction)|MI:0407(direct interaction),DIP-199444E,dip-quality-status:core,dip:0004(small scale)|dip:0004(small scale)|dip:0004(small scale)|dip:0004(small scale)|dip:0004(small scale)|dip:0004(small scale),"['Cytoplasm', 'Nucleus']","['Cytoplasm', 'Nucleus']"
DIP-39923N|refseq:NP_173925|uniprotkb:Q7XYY2,DIP-58585N|refseq:NP_199488|uniprotkb:Q9FIP9,taxid:3702(Arabidopsis thaliana),taxid:3702(Arabidopsis thaliana),MI:0407(direct interaction)|MI:0915(physical association),DIP-199918E,dip-quality-status:core,dip:0004(small scale)|dip:0004(small scale),['Nucleus'],['Nucleus']
DIP-53279N|uniprotkb:Q9C5K8,DIP-58585N|refseq:NP_199488|uniprotkb:Q9FIP9,taxid:3702(Arabidopsis thaliana),taxid:3702(Arabidopsis thaliana),MI:0915(physical association)|MI:0407(direct interaction),DIP-199920E,dip-quality-status:core,dip:0004(small scale)|dip:0004(small scale),['Nucleus'],['Nucleus']
DIP-53276N|uniprotkb:Q93ZM9,DIP-58585N|refseq:NP_199488|uniprotkb:Q9FIP9,taxid:3702(Arabidopsis thaliana),taxid:3702(Arabidopsis thaliana),MI:0915(physical association),DIP-199928E,dip-quality-status:core,dip:0004(small scale),['Nucleus'],['Nucleus']
DIP-53278N|uniprotkb:Q9M246,DIP-58585N|refseq:NP_199488|uniprotkb:Q9FIP9,taxid:3702(Arabidopsis thaliana),taxid:3702(Arabidopsis thaliana),MI:0915(physical association),DIP-199929E,dip-quality-status:core,dip:0004(small scale),['Nucleus'],['Nucleus']
DIP-61791N|refseq:NP_564140|uniprotkb:Q8L9J7,DIP-61791N|refseq:NP_564140|uniprotkb:Q8L9J7,taxid:3702(Arabidopsis thaliana),taxid:3702(Arabidopsis thaliana),MI:0915(physical association),DIP-199955E,dip-quality-status:core,dip:0004(small scale),['Endoplasmic reticulum'],['Endoplasmic reticulum']
DIP-52213N|uniprotkb:Q8W4J8,DIP-58585N|refseq:NP_199488|uniprotkb:Q9FIP9,taxid:3702(Arabidopsis thaliana),taxid:3702(Arabidopsis thaliana),MI:0915(physical association)|MI:0407(direct interaction)|MI:0407(direct interaction)|MI:0915(physical association)|MI:0915(physical association),DIP-199916E,dip-quality-status:core,dip:0004(small scale)|dip:0004(small scale)|dip:0004(small scale)|dip:0004(small scale)|dip:0004(small scale),['Nucleus'],['Nucleus']
DIP-58585N|refseq:NP_199488|uniprotkb:Q9FIP9,DIP-40532N|refseq:NP_566590|uniprotkb:Q9LVI4,taxid:3702(Arabidopsis thaliana),taxid:3702(Arabidopsis thaliana),MI:0915(physical association),DIP-199924E,dip-quality-status:core,dip:0004(small scale),['Nucleus'],['Nucleus']
DIP-53275N|uniprotkb:Q9LDU5,DIP-58585N|refseq:NP_199488|uniprotkb:Q9FIP9,taxid:3702(Arabidopsis thaliana),taxid:3702(Arabidopsis thaliana),MI:0915(physical association),DIP-199926E,dip-quality-status:core,dip:0004(small scale),['Nucleus'],['Nucleus']
DIP-32983N|refseq:NP_178266|uniprotkb:Q9SLH3,DIP-47078N|uniprotkb:Q8S307,taxid:3702(Arabidopsis thaliana),taxid:3702(Arabidopsis thaliana),MI:0915(physical association)|MI:0407(direct interaction)|MI:0915(physical association)|MI:0915(physical association)|MI:0915(physical association),DIP-200628E,dip-quality-status:core,dip:0004(small scale)|dip:0004(small scale)|dip:0004(small scale)|dip:0004(small scale)|dip:0004(small scale),['Nucleus'],['Nucleus']
DIP-61853N|uniprotkb:Q8GZM7,DIP-47078N|uniprotkb:Q8S307,taxid:3702(Arabidopsis thaliana),taxid:3702(Arabidopsis thaliana),MI:0407(direct interaction)|MI:0915(physical association),DIP-200641E,dip-quality-status:core,dip:0004(small scale)|dip:0004(small scale),['Nucleus'],['Nucleus']
DIP-47078N|uniprotkb:Q8S307,DIP-33903N|refseq:NP_565991|uniprotkb:Q8W2F3,taxid:3702(Arabidopsis thaliana),taxid:3702(Arabidopsis thaliana),MI:0915(physical association)|MI:0915(physical association)|MI:0407(direct interaction)|MI:0407(direct interaction),DIP-200642E,dip-quality-status:core,dip:0004(small scale)|dip:0004(small scale)|dip:0004(small scale)|dip:0004(small scale),['Nucleus'],['Nucleus']
DIP-61886N|refseq:NP_175128|uniprotkb:Q39241,DIP-61887N|uniprotkb:A7XGN8,taxid:3702(Arabidopsis thaliana),taxid:3702(Arabidopsis thaliana),MI:0915(physical association)|MI:0915(physical association),DIP-200693E,dip-quality-status:core,dip:0004(small scale)|dip:0004(small scale),['Cytoplasm'],
DIP-32983N|refseq:NP_178266|uniprotkb:Q9SLH3,DIP-32983N|refseq:NP_178266|uniprotkb:Q9SLH3,taxid:3702(Arabidopsis thaliana),taxid:3702(Arabidopsis thaliana),MI:0915(physical association)|MI:0915(physical association),DIP-200629E,dip-quality-status:core,dip:0004(small scale)|dip:0004(small scale),['Nucleus'],['Nucleus']
DIP-61927N|refseq:NP_188245|uniprotkb:Q41951,DIP-61927N|refseq:NP_188245|uniprotkb:Q41951,taxid:3702(Arabidopsis thaliana),taxid:3702(Arabidopsis thaliana),MI:0407(direct interaction)|MI:0407(direct interaction),DIP-200887E,dip-quality-status:core,dip:0004(small scale)|dip:0004(small scale),['Vacuole'],['Vacuole']
DIP-59393N|refseq:NP_195556|uniprotkb:Q93ZY2,DIP-61929N|refseq:NP_175634|uniprotkb:Q9M811,taxid:3702(Arabidopsis thaliana),taxid:3702(Arabidopsis thaliana),MI:0915(physical association)|MI:0915(physical association)|MI:0407(direct interaction),DIP-200897E,dip-quality-status:core,dip:0004(small scale)|dip:0004(small scale)|dip:0004(small scale),['Cytoplasm'],['Cytoplasm']
DIP-48989N|refseq:NP_173199|uniprotkb:Q9LNP9,DIP-59393N|refseq:NP_195556|uniprotkb:Q93ZY2,taxid:3702(Arabidopsis thaliana),taxid:3702(Arabidopsis thaliana),MI:0915(physical association),DIP-200898E,dip-quality-status:core,dip:0004(small scale),,['Cytoplasm']
DIP-40200N|refseq:NP_172223|uniprotkb:Q9LNW3,DIP-59393N|refseq:NP_195556|uniprotkb:Q93ZY2,taxid:3702(Arabidopsis thaliana),taxid:3702(Arabidopsis thaliana),MI:0915(physical association),DIP-200900E,dip-quality-status:core,dip:0004(small scale),,['Cytoplasm']
DIP-48990N|refseq:NP_199989|uniprotkb:Q9FLI3,DIP-59393N|refseq:NP_195556|uniprotkb:Q93ZY2,taxid:3702(Arabidopsis thaliana),taxid:3702(Arabidopsis thaliana),MI:0915(physical association)|MI:0915(physical association),DIP-200902E,dip-quality-status:core,dip:0004(small scale)|dip:0004(small scale),,['Cytoplasm']
DIP-39873N|refseq:NP_567258|uniprotkb:Q94KI8,DIP-39873N|refseq:NP_567258|uniprotkb:Q94KI8,taxid:3702(Arabidopsis thaliana),taxid:3702(Arabidopsis thaliana),MI:0407(direct interaction)|MI:0407(direct interaction),DIP-200980E,dip-quality-status:core,dip:0004(small scale)|dip:0004(small scale),['Vacuole'],['Vacuole']
DIP-61970N|refseq:NP_001078701|uniprotkb:Q4VP08,DIP-61968N|refseq:NP_199396|uniprotkb:C0LGU7,taxid:3702(Arabidopsis thaliana),taxid:3702(Arabidopsis thaliana),MI:0407(direct interaction)|MI:0915(physical association)|MI:0915(physical association)|MI:0407(direct interaction)|MI:0915(physical association),DIP-200981E,dip-quality-status:core,dip:0004(small scale)|dip:0004(small scale)|dip:0004(small scale)|dip:0004(small scale)|dip:0004(small scale),,
DIP-61970N|refseq:NP_001078701|uniprotkb:Q4VP08,DIP-53470N|uniprotkb:Q8VZG8,taxid:3702(Arabidopsis thaliana),taxid:3702(Arabidopsis thaliana),MI:0915(physical association)|MI:0407(direct interaction)|MI:0915(physical association)|MI:0407(direct interaction),DIP-200983E,dip-quality-status:core,dip:0004(small scale)|dip:0004(small scale)|dip:0004(small scale)|dip:0004(small scale),,
DIP-46414N|refseq:NP_200956|uniprotkb:Q9FII5,DIP-61970N|refseq:NP_001078701|uniprotkb:Q4VP08,taxid:3702(Arabidopsis thaliana),taxid:3702(Arabidopsis thaliana),MI:0407(direct interaction),DIP-200984E,dip-quality-status:core,dip:0004(small scale),,
DIP-53470N|uniprotkb:Q8VZG8,DIP-61968N|refseq:NP_199396|uniprotkb:C0LGU7,taxid:3702(Arabidopsis thaliana),taxid:3702(Arabidopsis thaliana),MI:0915(physical association)|MI:0915(physical association)|MI:0915(physical association)|MI:0407(direct interaction)|MI:0915(physical association),DIP-200986E,dip-quality-status:core,dip:0004(small scale)|dip:0004(small scale)|dip:0004(small scale)|dip:0004(small scale)|dip:0004(small scale),,
DIP-61968N|refseq:NP_199396|uniprotkb:C0LGU7,DIP-61968N|refseq:NP_199396|uniprotkb:C0LGU7,taxid:3702(Arabidopsis thaliana),taxid:3702(Arabidopsis thaliana),MI:0915(physical association),DIP-200988E,dip-quality-status:core,dip:0004(small scale),,
DIP-62003N|refseq:NP_176249|uniprotkb:Q5Q0E4,DIP-62004N|refseq:NP_187923|uniprotkb:Q9M4A2,taxid:3702(Arabidopsis thaliana),taxid:3702(Arabidopsis thaliana),MI:0915(physical association)|MI:0915(physical association)|MI:0915(physical association)|MI:0915(physical association)|MI:0915(physical association)|MI:0915(physical association),DIP-201134E,dip-quality-status:core,dip:0004(small scale)|dip:0004(small scale)|dip:0004(small scale)|dip:0004(small scale)|dip:0004(small scale)|dip:0004(small scale),,['Nucleus']
DIP-62003N|refseq:NP_176249|uniprotkb:Q5Q0E4,DIP-40433N|refseq:NP_176582|uniprotkb:Q9M4A1,taxid:3702(Arabidopsis thaliana),taxid:3702(Arabidopsis thaliana),MI:0915(physical association)|MI:0915(physical association)|MI:0915(physical association)|MI:0915(physical association)|MI:0915(physical association)|MI:0915(physical association)|MI:0915(physical association),DIP-201135E,dip-quality-status:core,dip:0004(small scale)|dip:0004(small scale)|dip:0004(small scale)|dip:0004(small scale)|dip:0004(small scale)|dip:0004(small scale)|dip:0004(small scale),,['Nucleus']
DIP-62004N|refseq:NP_187923|uniprotkb:Q9M4A2,DIP-40433N|refseq:NP_176582|uniprotkb:Q9M4A1,taxid:3702(Arabidopsis thaliana),taxid:3702(Arabidopsis thaliana),MI:0915(physical association)|MI:0915(physical association)|MI:0915(physical association)|MI:0915(physical association)|MI:0915(physical association)|MI:0915(physical association)|MI:0915(physical association),DIP-201136E,dip-quality-status:core,dip:0004(small scale)|dip:0004(small scale)|dip:0004(small scale)|dip:0004(small scale)|dip:0004(small scale)|dip:0004(small scale)|dip:0004(small scale),['Nucleus'],['Nucleus']
DIP-40169N|refseq:NP_195902|uniprotkb:Q9LZ03,DIP-62003N|refseq:NP_176249|uniprotkb:Q5Q0E4,taxid:3702(Arabidopsis thaliana),taxid:3702(Arabidopsis thaliana),MI:0915(physical association)|MI:0915(physical association)|MI:0915(physical association)|MI:0915(physical association),DIP-201137E,dip-quality-status:core,dip:0004(small scale)|dip:0004(small scale)|dip:0004(small scale)|dip:0004(small scale),['Nucleus'],
DIP-52434N|uniprotkb:Q9LPQ3,DIP-31825N|refseq:NP_181907|uniprotkb:Q39026,taxid:3702(Arabidopsis thaliana),taxid:3702(Arabidopsis thaliana),MI:0217(phosphorylation reaction),DIP-201458E,dip-quality-status:core,dip:0004(small scale),,"['Cytoplasm', 'Nucleus']"
DIP-31825N|refseq:NP_181907|uniprotkb:Q39026,DIP-40041N|refseq:NP_177500|uniprotkb:Q9C6B8,taxid:3702(Arabidopsis thaliana),taxid:3702(Arabidopsis thaliana),MI:0217(phosphorylation reaction),DIP-201459E,dip-quality-status:core,dip:0004(small scale),"['Cytoplasm', 'Nucleus']",
